timestamp,session_id,event_type,metadata
2025-11-19T04:36:07.789081,ace14141,upload_success,"{""file_count"": 2, ""row_count"": 200, ""columns"": 10}"
2025-11-19T04:36:42.359820,ace14141,query_executed,"{""source"": ""nl"", ""has_drug"": true, ""has_reaction"": true, ""quantum_enabled"": false}"
2025-11-19T04:36:42.374556,ace14141,query_no_results,"{""source"": ""nl""}"
2025-11-19T04:36:47.623507,ace14141,query_executed,"{""source"": ""nl"", ""has_drug"": true, ""has_reaction"": true, ""quantum_enabled"": false}"
2025-11-19T04:36:47.627339,ace14141,query_no_results,"{""source"": ""nl""}"
2025-11-19T04:36:52.217479,ace14141,query_executed,"{""source"": ""nl"", ""has_drug"": true, ""has_reaction"": true, ""quantum_enabled"": false}"
2025-11-19T04:36:52.228421,ace14141,query_no_results,"{""source"": ""nl""}"
2025-11-19T04:36:54.951377,ace14141,query_executed,"{""source"": ""nl"", ""has_drug"": true, ""has_reaction"": true, ""quantum_enabled"": false}"
2025-11-19T04:36:54.953180,ace14141,query_no_results,"{""source"": ""nl""}"
2025-11-19T04:37:00.946579,ace14141,query_executed,"{""source"": ""nl"", ""has_drug"": true, ""has_reaction"": true, ""quantum_enabled"": false}"
2025-11-19T04:37:00.948770,ace14141,query_no_results,"{""source"": ""nl""}"
2025-11-19T04:37:14.409627,ace14141,query_executed,"{""source"": ""nl"", ""has_drug"": true, ""has_reaction"": true, ""quantum_enabled"": false}"
2025-11-19T04:37:14.422975,ace14141,query_no_results,"{""source"": ""nl""}"
2025-11-19T04:37:15.897269,ace14141,query_executed,"{""source"": ""nl"", ""has_drug"": true, ""has_reaction"": true, ""quantum_enabled"": false}"
2025-11-19T04:37:15.899576,ace14141,query_no_results,"{""source"": ""nl""}"
2025-11-19T04:37:20.970088,ace14141,query_executed,"{""source"": ""nl"", ""has_drug"": true, ""has_reaction"": true, ""quantum_enabled"": false}"
2025-11-19T04:37:20.972200,ace14141,query_no_results,"{""source"": ""nl""}"
2025-11-19T04:37:22.482382,ace14141,query_executed,"{""source"": ""nl"", ""has_drug"": true, ""has_reaction"": true, ""quantum_enabled"": false}"
2025-11-19T04:37:22.484389,ace14141,query_no_results,"{""source"": ""nl""}"
2025-11-19T04:37:50.668297,ace14141,query_executed,"{""source"": ""nl"", ""has_drug"": true, ""has_reaction"": true, ""quantum_enabled"": false}"
2025-11-19T04:37:50.670067,ace14141,query_no_results,"{""source"": ""nl""}"
2025-11-19T04:37:55.014856,ace14141,query_executed,"{""source"": ""nl"", ""has_drug"": true, ""has_reaction"": true, ""quantum_enabled"": false}"
2025-11-19T04:37:55.017005,ace14141,query_no_results,"{""source"": ""nl""}"
2025-11-19T04:37:55.874656,ace14141,query_executed,"{""source"": ""nl"", ""has_drug"": true, ""has_reaction"": true, ""quantum_enabled"": false}"
2025-11-19T04:37:55.877260,ace14141,query_no_results,"{""source"": ""nl""}"
2025-11-19T04:38:00.201960,ace14141,query_executed,"{""source"": ""nl"", ""has_drug"": true, ""has_reaction"": true, ""quantum_enabled"": false}"
2025-11-19T04:38:00.204534,ace14141,query_no_results,"{""source"": ""nl""}"
2025-11-19T04:38:00.280203,ace14141,query_executed,"{""source"": ""advanced"", ""has_drug"": false, ""has_reaction"": false, ""quantum_enabled"": false}"
2025-11-19T04:38:00.284342,ace14141,query_no_results,"{""source"": ""advanced""}"
2025-11-19T04:45:13.263445,ace14141,query_executed,"{""source"": ""advanced"", ""has_drug"": false, ""has_reaction"": false, ""quantum_enabled"": false}"
2025-11-19T04:45:13.266388,ace14141,query_no_results,"{""source"": ""advanced""}"
2025-11-19T04:45:15.794974,ace14141,query_executed,"{""source"": ""advanced"", ""has_drug"": false, ""has_reaction"": false, ""quantum_enabled"": false}"
2025-11-19T04:45:15.797854,ace14141,query_no_results,"{""source"": ""advanced""}"
2025-11-19T04:45:25.715253,ace14141,query_executed,"{""source"": ""advanced"", ""has_drug"": false, ""has_reaction"": false, ""quantum_enabled"": false}"
2025-11-19T04:45:25.718720,ace14141,query_no_results,"{""source"": ""advanced""}"
2025-11-19T04:45:30.626123,ace14141,query_executed,"{""source"": ""advanced"", ""has_drug"": false, ""has_reaction"": false, ""quantum_enabled"": false}"
2025-11-19T04:45:30.628461,ace14141,query_no_results,"{""source"": ""advanced""}"
2025-11-19T04:45:30.710071,ace14141,query_executed,"{""source"": ""advanced"", ""has_drug"": false, ""has_reaction"": false, ""quantum_enabled"": false}"
2025-11-19T04:48:56.833861,ace14141,query_executed,"{""source"": ""nl"", ""has_drug"": true, ""has_reaction"": false, ""quantum_enabled"": false}"
2025-11-19T04:48:56.837280,ace14141,query_no_results,"{""source"": ""nl""}"
2025-11-19T04:54:03.185133,ace14141,query_executed,"{""source"": ""nl"", ""has_drug"": true, ""has_reaction"": false, ""quantum_enabled"": false}"
2025-11-19T04:54:03.187594,ace14141,query_no_results,"{""source"": ""nl""}"
2025-11-19T04:54:09.385258,ace14141,query_executed,"{""source"": ""nl"", ""has_drug"": true, ""has_reaction"": false, ""quantum_enabled"": false}"
2025-11-19T04:54:09.387203,ace14141,query_no_results,"{""source"": ""nl""}"
2025-11-19T04:54:12.799762,ace14141,upload_success,"{""file_count"": 2, ""row_count"": 200, ""columns"": 10}"
2025-11-19T04:54:43.268715,ace14141,query_executed,"{""source"": ""nl"", ""has_drug"": true, ""has_reaction"": false, ""quantum_enabled"": false}"
2025-11-19T04:54:43.271041,ace14141,query_no_results,"{""source"": ""nl""}"
2025-11-19T04:54:53.618335,ace14141,query_executed,"{""source"": ""nl"", ""has_drug"": true, ""has_reaction"": false, ""quantum_enabled"": false}"
2025-11-19T04:54:53.620180,ace14141,query_no_results,"{""source"": ""nl""}"
2025-11-19T04:54:56.157756,ace14141,query_executed,"{""source"": ""nl"", ""has_drug"": true, ""has_reaction"": false, ""quantum_enabled"": false}"
2025-11-19T04:54:56.160141,ace14141,query_no_results,"{""source"": ""nl""}"
2025-11-19T04:54:59.141749,ace14141,query_executed,"{""source"": ""nl"", ""has_drug"": true, ""has_reaction"": false, ""quantum_enabled"": true}"
2025-11-19T04:54:59.143918,ace14141,query_no_results,"{""source"": ""nl""}"
2025-11-19T04:55:21.138491,ace14141,query_executed,"{""source"": ""nl"", ""has_drug"": true, ""has_reaction"": false, ""quantum_enabled"": true}"
2025-11-19T04:55:21.140619,ace14141,query_no_results,"{""source"": ""nl""}"
2025-11-19T04:55:37.746904,ace14141,query_executed,"{""source"": ""nl"", ""has_drug"": true, ""has_reaction"": false, ""quantum_enabled"": true}"
2025-11-19T04:55:37.749098,ace14141,query_no_results,"{""source"": ""nl""}"
2025-11-19T04:55:40.801646,ace14141,query_executed,"{""source"": ""nl"", ""has_drug"": true, ""has_reaction"": false, ""quantum_enabled"": true}"
2025-11-19T04:55:40.803410,ace14141,query_no_results,"{""source"": ""nl""}"
2025-11-19T04:55:40.909055,ace14141,query_executed,"{""source"": ""advanced"", ""has_drug"": true, ""has_reaction"": false, ""quantum_enabled"": true}"
2025-11-19T05:01:00.318666,c374cfec,upload_success,"{""file_count"": 1, ""row_count"": 100, ""columns"": 10}"
2025-11-19T05:21:19.536901,cc0c0d7e,upload_success,"{""file_count"": 1, ""row_count"": 100, ""columns"": 10}"
2025-11-19T05:43:08.674305,d0e62169,upload_success,"{""file_count"": 1, ""row_count"": 100, ""columns"": 10}"
2025-11-19T05:45:45.426389,4fa57cb0,upload_success,"{""file_count"": 1, ""row_count"": 100, ""columns"": 10}"
2025-11-19T05:50:44.246873,dc49d031,upload_success,"{""file_count"": 1, ""row_count"": 100, ""columns"": 10}"
2025-11-19T05:58:42.006400,d6965765,upload_success,"{""file_count"": 1, ""row_count"": 100, ""columns"": 10}"
2025-11-19T05:58:58.135489,d6965765,query_executed,"{""source"": ""nl"", ""has_drug"": true, ""has_reaction"": true, ""quantum_enabled"": false}"
2025-11-19T05:58:58.137204,d6965765,query_no_results,"{""source"": ""nl""}"
2025-11-19T06:08:07.229818,9765bdcd,upload_success,"{""file_count"": 1, ""row_count"": 100, ""columns"": 10}"
2025-11-19T06:11:02.034870,3d15439f,upload_success,"{""file_count"": 1, ""row_count"": 100, ""columns"": 10}"
2025-11-19T06:11:04.847442,3d15439f,query_executed,"{""source"": ""nl"", ""has_drug"": true, ""has_reaction"": true, ""quantum_enabled"": false}"
2025-11-19T06:11:04.849474,3d15439f,query_no_results,"{""source"": ""nl""}"
2025-11-19T06:11:06.048436,3d15439f,query_executed,"{""source"": ""nl"", ""has_drug"": true, ""has_reaction"": true, ""quantum_enabled"": false}"
2025-11-19T06:11:06.050068,3d15439f,query_no_results,"{""source"": ""nl""}"
2025-11-19T06:11:11.595020,3d15439f,query_executed,"{""source"": ""nl"", ""has_drug"": true, ""has_reaction"": true, ""quantum_enabled"": false}"
2025-11-19T06:11:11.597517,3d15439f,query_no_results,"{""source"": ""nl""}"
2025-11-19T06:11:14.678554,3d15439f,query_executed,"{""source"": ""nl"", ""has_drug"": true, ""has_reaction"": true, ""quantum_enabled"": false}"
2025-11-19T06:11:14.680351,3d15439f,query_no_results,"{""source"": ""nl""}"
2025-11-19T06:11:15.798074,3d15439f,query_executed,"{""source"": ""nl"", ""has_drug"": true, ""has_reaction"": true, ""quantum_enabled"": false}"
2025-11-19T06:11:15.800493,3d15439f,query_no_results,"{""source"": ""nl""}"
2025-11-19T06:11:18.812868,3d15439f,query_executed,"{""source"": ""nl"", ""has_drug"": true, ""has_reaction"": true, ""quantum_enabled"": false}"
2025-11-19T06:11:18.814809,3d15439f,query_no_results,"{""source"": ""nl""}"
2025-11-19T06:11:27.621787,3d15439f,query_executed,"{""source"": ""nl"", ""has_drug"": true, ""has_reaction"": true, ""quantum_enabled"": false}"
2025-11-19T06:11:27.623560,3d15439f,query_no_results,"{""source"": ""nl""}"
2025-11-19T06:11:29.838225,3d15439f,query_executed,"{""source"": ""nl"", ""has_drug"": true, ""has_reaction"": true, ""quantum_enabled"": false}"
2025-11-19T06:11:29.839933,3d15439f,query_no_results,"{""source"": ""nl""}"
2025-11-19T06:11:30.537023,3d15439f,query_executed,"{""source"": ""nl"", ""has_drug"": true, ""has_reaction"": true, ""quantum_enabled"": false}"
2025-11-19T06:11:30.539095,3d15439f,query_no_results,"{""source"": ""nl""}"
2025-11-19T06:11:30.938284,3d15439f,query_executed,"{""source"": ""nl"", ""has_drug"": true, ""has_reaction"": true, ""quantum_enabled"": false}"
2025-11-19T06:11:30.940127,3d15439f,query_no_results,"{""source"": ""nl""}"
2025-11-19T06:11:31.415087,3d15439f,query_executed,"{""source"": ""nl"", ""has_drug"": true, ""has_reaction"": true, ""quantum_enabled"": false}"
2025-11-19T06:11:31.417320,3d15439f,query_no_results,"{""source"": ""nl""}"
2025-11-19T06:11:35.041794,3d15439f,query_executed,"{""source"": ""nl"", ""has_drug"": true, ""has_reaction"": true, ""quantum_enabled"": false}"
2025-11-19T06:11:35.043739,3d15439f,query_no_results,"{""source"": ""nl""}"
2025-11-19T06:11:36.696474,3d15439f,query_executed,"{""source"": ""nl"", ""has_drug"": true, ""has_reaction"": true, ""quantum_enabled"": false}"
2025-11-19T06:11:36.698367,3d15439f,query_no_results,"{""source"": ""nl""}"
2025-11-19T06:11:47.334564,3d15439f,query_executed,"{""source"": ""nl"", ""has_drug"": true, ""has_reaction"": true, ""quantum_enabled"": false}"
2025-11-19T06:11:47.336499,3d15439f,query_no_results,"{""source"": ""nl""}"
2025-11-19T06:11:56.021803,3d15439f,query_executed,"{""source"": ""nl"", ""has_drug"": true, ""has_reaction"": true, ""quantum_enabled"": false}"
2025-11-19T06:11:56.023441,3d15439f,query_no_results,"{""source"": ""nl""}"
2025-11-19T06:11:57.518948,3d15439f,query_executed,"{""source"": ""nl"", ""has_drug"": true, ""has_reaction"": true, ""quantum_enabled"": false}"
2025-11-19T06:11:57.520816,3d15439f,query_no_results,"{""source"": ""nl""}"
2025-11-19T06:12:08.888920,3d15439f,query_executed,"{""source"": ""nl"", ""has_drug"": true, ""has_reaction"": true, ""quantum_enabled"": false}"
2025-11-19T06:12:08.890781,3d15439f,query_no_results,"{""source"": ""nl""}"
2025-11-19T06:12:34.319345,3d15439f,query_executed,"{""source"": ""nl"", ""has_drug"": true, ""has_reaction"": true, ""quantum_enabled"": false}"
2025-11-19T06:12:34.321193,3d15439f,query_no_results,"{""source"": ""nl""}"
2025-11-19T06:12:35.704959,3d15439f,query_executed,"{""source"": ""nl"", ""has_drug"": true, ""has_reaction"": true, ""quantum_enabled"": false}"
2025-11-19T06:12:35.707194,3d15439f,query_no_results,"{""source"": ""nl""}"
2025-11-19T06:12:37.425516,3d15439f,query_executed,"{""source"": ""nl"", ""has_drug"": true, ""has_reaction"": true, ""quantum_enabled"": false}"
2025-11-19T06:12:37.427319,3d15439f,query_no_results,"{""source"": ""nl""}"
2025-11-19T06:12:41.253951,3d15439f,query_executed,"{""source"": ""nl"", ""has_drug"": true, ""has_reaction"": true, ""quantum_enabled"": false}"
2025-11-19T06:12:41.256180,3d15439f,query_no_results,"{""source"": ""nl""}"
2025-11-19T06:21:48.609129,32e53214,upload_success,"{""file_count"": 1, ""row_count"": 100, ""columns"": 10}"
